{"y": 0.38461538461538464, "x": 0.8333333333333334, "toolname": "2020plus", "e": 0.00505699}
